{
    "Unassigned": 0,
    "Action Figure": 1,
    "Apple": 2,
    "Banana": 3,
    "Battery": 4,
    "Blinds": 5,
    "Board": 6,
    "Books": 7,
    "Bowl": 8,
    "Boxes": 9,
    "Bread Slice": 10,
    "Button": 11,
    "Cabinet": 12,
    "Cable": 13,
    "Cake": 14,
    "Calendar": 15,
    "Can": 16,
    "Candy Bar": 17,
    "Cardboard Box": 18,
    "Carrot": 19,
    "Cart": 20,
    "Cereal Box": 21,
    "Certificate": 22,
    "Chair": 23,
    "Circuit Board": 24,
    "Clamp": 25,
    "Clipboard": 26,
    "Clock": 27,
    "Coffee Beans": 28,
    "Coffee Maker": 29,
    "Coffee Pot": 30,
    "Coffee Unmaker": 31,
    "Color Changer": 32,
    "Computer": 33,
    "Control Panel": 34,
    "Cooler": 35,
    "Couch": 36,
    "Counter": 37,
    "Crates": 38,
    "Cutting Board": 39,
    "Dart": 40,
    "Dart Board": 41,
    "Desk": 42,
    "Dolly": 43,
    "Donut": 44,
    "Door": 45,
    "Drawer": 46,
    "Drill Chuck": 47,
    "Embiggenator": 48,
    "Everything's A Carrot Machine": 49,
    "Fan": 50,
    "Fire Alarm": 51,
    "Fire Extinguisher": 52,
    "Floppy Disk": 53,
    "Folder": 54,
    "Folder Holder": 55,
    "Fork": 56,
    "Forklift": 57,
    "Freeze Ray": 58,
    "Freezer": 59,
    "Fridge": 60,
    "Fuse Box": 61,
    "Generator": 62,
    "Golf Ball": 63,
    "Golf Club": 64,
    "Gravity Pad": 65,
    "Hammer": 66,
    "Handsaw": 67,
    "Jar": 68,
    "Jelly": 69,
    "Keyboard": 70,
    "Knife": 71,
    "Laser": 72,
    "Laser Tip": 73,
    "Laser Toy": 74,
    "Lever": 75,
    "Lid": 76,
    "Light": 77,
    "Light Bulb": 78,
    "Light Switch": 79,
    "Machine Panel": 80,
    "Map": 81,
    "Microwave": 82,
    "Milk": 83,
    "Mug": 84,
    "Notepad": 85,
    "Outlet": 86,
    "Pallets": 87,
    "Paper": 88,
    "Paper Tray": 89,
    "Peanut Butter": 90,
    "Pear": 91,
    "Pen": 92,
    "Photocopier": 93,
    "Pie": 94,
    "Plant": 95,
    "Plate": 96,
    "Poster": 97,
    "Power Boxes": 98,
    "Print Tube": 99,
    "Printer": 100,
    "Printer Cartridge": 101,
    "Puddle": 102,
    "Radio": 103,
    "Record": 104,
    "Robot Arm": 105,
    "Sandwich": 106,
    "Scale": 107,
    "Screw Driver": 108,
    "Server": 109,
    "Shelf": 110,
    "Sign": 111,
    "Sink": 112,
    "Spoon": 113,
    "Sticky Note": 114,
    "Stool": 115,
    "TAM Prototype": 116,
    "Table": 117,
    "Tank": 118,
    "Tape": 119,
    "Target": 120,
    "Tesla Coil": 121,
    "Time Machine": 122,
    "Toast": 123,
    "Toaster": 124,
    "Tool Board": 125,
    "Tool Box": 126,
    "Trash": 127,
    "Trash Can": 128,
    "Tray": 129,
    "Trophy": 130,
    "Vending Machine": 131,
    "Vent": 132,
    "Water Barrel": 133,
    "Water Cooler": 134,
    "Water Tank": 135,
    "White Board": 136,
    "Whiteboard": 137,
    "Wire Coil": 138
}
