{
    "Computer": [
        "Computer_Monitor_01",
        "V_Monitor_Gravity",
        "Computer_Monitor_New",
        "Lab_Terminal", 
        "V_Monitor_Laser",
        "V_Monitor_Portal",
        "V_Monitor_Embiggenator",
        "Computer_Monitor_Broken",
        "V_Monitor_FreezeRay",
        "TAMPrototypeHead_01"
    ],
    "Forklift": [
        "ForkLift",
        "Fork_Lift"
    ],
    "Chair": [
        "AP_Prop_Couch_06",
        "Manager_Chair",
        "Office_Chair",
        "AP_Prop_Couch_02"
    ],
    "Plate": [
        "FoodPlate_01"
    ],
    "Fan": [
        "DeskFan_Broken_01",
        "DeskFan_New_01"
    ],
    "Gravity Pad": [
        "GravityPad"
    ],
    "Stool": [
        "KitchenStool_01"
    ],
    "Counter Top":[
        "KitchenCounterTop_02"
    ],
    "Counter Base": [
        "KitchenCounterBase_02",
        "KitchenCounterBase_03",
        "CounterBase_03"
    ],
    "Color Changer": [
        "ColorChangerStation"
    ],
    "Circuit Board": [
        "Laser_CircuitBoard"
    ],
    "Fire Extinguisher": [
        "FireExtinguisher_01",
        "AP_Prop_Fire_Extinguisher_01"
    ],
    "Vending Machine": [
        "VendingMachine_01"
    ],
    "Everything's A Carrot Machine": [
        "EAC_Machine"
    ],
    "Keyboard": [
        "Keyboard"
    ],
    "Toaster": [
        "Toaster_02"
    ],
    "Cutting Board": [
        "Cutting_Board"
    ],
    "Dart": [
        "Dart"
    ],
    "Tray": [
        "FulllPaperTray_01",
        "SM_Prop_FolderTray_01",
        "EmptyPaperTray",
        "SM_Prop_FolderTray_03",
        "AP_Prop_PaperTray_01_Full_01",
        "SM_Prop_FolderTray_02",
        "SM_Prop_PaperTray_01_Full_01",
        "SM_Prop_FolderTray_04"
    ],

    "Target": [
        "AP_Prop_Target_Circle_01",
        "DartBoard"
    ],
    "Freeze Ray": [
        "FreezeRay"
    ],
    "Action Figure": [
        "ActionFigure"
    ],
    "Puddle": [
        "WaterPuddle_01"
    ],
    "Coffee Maker": [
        "CoffeeMaker_01"
    ],
    "Can": [
        "CanSodaNew_01",
        "CanSodaNew_Open_01",
        "CanSodaNew_Crushed_01",
        "CanSoda_01"
    ],
    "Record": [
        "Record_01"
    ],
    "PortalGenerator": [
        "PortalGenerator"
    ],
    "Light Switch": [
        "LightSwitch_01"
    ],
    "Sink": [
        "KitchenCounterSink_01"
    ],
    "Plant": [
        "AP_Prop_Plant_01",
        "AP_Prop_Plant_09"
    ],
    "Coffee Beans": [
        "CoffeeBeans_01"
    ],
    "Embiggenator": [
        "Embiggenator"
    ],
    "Lever": [
        "FuseBox_01_Lever"
    ],
    "Tape": [
        "AP_Prop_Cellotape_01",
        "AP_Item_Tape_01"
    ],
    "Bowl": [
        "Bowl_01"
    ],
    "Candy Bar": [
        "CandyBar_01"
    ],
    "Jar": [
        "CandyJar_01",
        "Jar_PeanutButter_01",
        "Jar_Jam_01"
    ],
    "Fridge": [
        "FridgeLower_02"
    ],
    "Laser": [
        "Laser",
        "LaserBase_toy"
    ],
    "Coffee Unmaker": [
        "CoffeeUnMaker_01"
    ],
    "Printer": [
        "Printer_3D"
    ],
    "Fuse Box": [
        "FuseBox_02",
        "FuseBox_01"
    ],
    "Trophy": [
        "Trophy01"
    ],
    "Coffee Pot": [
        "CoffeePot_01"
    ],
    "Milk": [
        "MilkCarton_01"
    ],
    "Handsaw":[
        "SM_Tool_Handsaw_01",
        "Handsaw"
    ],
    "Unassigned": [
        "Unassigned",
        "WallClock_01",
        "SM_Prop_AirVent_Wall_01",
        "SM_Prop_AirVent_01",
        "AP_Bld_Ceiling_Aircon_01",
        "AP_Prop_Barrel_Water_01",
        "AP_Prop_Barrel_Open_01",
        "AP_Prop_Bin_Rubbish_01",
        "AP_Prop_Cabinets_01",
        "AP_Prop_Lab_Clamp_02_Arm_01",
        "AP_Prop_Lab_MachinePanel_01",
        "AP_Prop_Lab_MachinePanel_02",
        "AP_Prop_Lab_Tank_01",
        "AP_Prop_Lab_Tank_02",
        "AP_Prop_Minigolf_Ball_01",
        "AP_Prop_Minigolf_Club_01",
        "AP_Prop_Note_05",
        "AP_Prop_Pen_06",
        "AP_Prop_Pen_03",
        "AP_Prop_Pen_01",
        "AP_Prop_Photocopier_01",
        "AP_Prop_Print_Tube_01",
        "SM_Tool_Buffer_01_Battery",
        "AP_Tool_Buffer_01_Battery",
        "SM_Prop_Powercable_02",
        "SM_Prop_NetCable_03",
        "SM_Prop_Wirespool_01",
        "Broken_Cord_01",
        "SM_Prop_Powercable_01",
        "SM_Prop_Wirespool_Small_01",
        "CableFrayed_01",
        "SM_Prop_Powercable_03",
        "Carrot_01",
        "CoffeeCup_Lid_01",
        "SM_Prop_Server_Cabinet_01",
        "FireAlarm_01",
        "Fork_01",
        "Spoon_01",
        "TeslaCoil_Small",
        "TeslaCoil",
        "Pear_01",
        "Screwdriver",
        "SM_Prop_ToolBox_01",
        "SK_Veh_Pickup_01_ToolBox",
        "SM_Bld_Wall_Window_Blinds_Open_04",
        "SM_Prop_Cart_01",
        "SM_Prop_Drink_Dispenser_01",
        "SM_Prop_Lighting_Cable_Bulb_01",
        "AP_Prop_Note_05",
        "SM_Prop_NotePad_01",
        "SM_Prop_Oxygen_Tank_Large",
        "SM_Prop_Oxygen_Tank",
        "SM_Prop_PalletStack_02",
        "SM_Prop_Plastic_Pipe_Spool_01",
        "SM_Prop_PowerBoxes_01",
        "SM_Prop_Server_Node_01",
        "SM_Prop_Warehouse_Light_04",
        "SM_Tool_Drill_Chuck_01",
        "ToyBed",
        "AP_Prop_Generator_Large_02",
        "SM_Prop_Scales_01",
        "VendingMachine_01_B4_Button",
        "VendingMachine_01_E5_Button",
        "VendingMachine_01_E7_Button",
        "VendingMachine_01_M8_Button",
        "SM_Prop_Buttons_02",
        "SM_Prop_Buttons_05",
        "sign_tall_caution_shrink",
        "sign_short_caution_gravity_2",
        "sign_short_caution_quantum_1",
        "sign_tall_caution_laser",
        "sign_tall_caution_robotics",
        "sign_short_caution_electrical",
        "sign_diamond_gravity",
        "sign_short_robotics_1",
        "sign_short_warehouse_1",
        "sign_diamond_quantum",
        "sign_diamond_carrot",
        "sign_tall_caution_carrot",
        "sign_short_office_1",
        "sign_short_caution_carrot",
        "sign_diamond_shrink",
        "sign_diamond_laser",
        "sign_square_breakroom",
        "sign_short_caution_shrink",
        "sign_diamond_fire",
        "AP_Prop_Sign_OutofOrder_01",
        "sign_short_quantum_2",
        "sign_short_robotics_2",
        "sign_tall_caution_electrical",
        "sign_tall_caution_freeze",
        "sign_short_caution_quantum_2",
        "sign_diamond_freeze",
        "sign_short_quantum_1",
        "sign_short_breakroom_2",
        "sign_short_caution_restricted_1",
        "sign_short_caution_gravity_1",
        "sign_short_breakroom_1",
        "SM_Prop_Calender_01"
    ],
    "Hammer": [
        "Hammer"
    ],
    "Trolley": [
        "SM_Prop_Warehouse_Platform_Trolley_01"
    ],
    "Time Machine": [
        "YesterdayMachine_01"
    ],
    "Knife": [
        "Knife_01"
    ],
    "Microwave": [
        "Microwave_01"
    ],
    "Drawer": [
        "KitchenCounterDrawer_03",
        "KitchenCounterDrawer_02"
    ],
    "Control Panel": [
        "Laser_ControlPanel"
    ],
    "Freezer": [
        "FridgeUpper_02"
    ],
    "Donut": [
        "Donut_01"
    ],
    "Robot Arm": [
        "RoboticArm_01"
    ],
    "Trash Can": [
        "AP_Prop_Bucket_02",
        "TrashCan_01"
    ],
    "Cereal Box": [
        "Cereal_Box_01"
    ],
    "Radio": [
        "Radio_01_Broken",
        "Radio_01"
    ],
    "Laser Tip": [
        "Laser_Tip",
        "Laser_Tip_Broken"
    ],
    "Floppy Disk": [
        "Floppy_AntiVirus_Broken",
        "Floppy_AntiVirus",
        "Floppy_Virus_Broken",
        "Floppy_Virus"
    ],
    "Button": [
        "ColorChanger_Button_Red",
        "ColorChanger_Button_Blue",
        "ColorChanger_Button_Green",
        "Security_Button"
    ],
    "Books": [
        "SM_Prop_Book_Magazine_01",
        "SM_Prop_Book_Group_04",
        "SM_Prop_Book_Group_06",
        "SM_Prop_Book_Group_08",
        "SM_Prop_Book_Group_01",
        "SM_Prop_Book_Phone_Open_01",
        "SM_Prop_Book_Group_07",
        "SM_Prop_Book_Group_02",
        "SM_Prop_Book_Group_03",
        "SM_Prop_Book_Group_05"
    ],
    "Door": [
        "Door_01",
        "SM_Bld_Wall_Metal_Slide_02",
        "AP_Bld_Wall_Glass_Large_Door_01",
        "SM_Bld_Door_02"
    ],
    "Printer Cartridge": [
        "Printer_Cartridge",
        "Printer_Cartridge_Lever",
        "Printer_Cartridge_Figure",
        "Printer_Cartridge_Mug",
        "Printer_Cartridge_Hammer"
    ],
    "Sandwich": [
        "SandwichHalf_01",
        "PBJ_Sandwich",
        "Burger_04"
    ],
    "Banana": [
        "BananaBunch_01",
        "Banana_01"
    ],
    "Table": [
        "Table_Metal_01",
        "TableRoundSmall_02",
        "SM_Prop_Table_02",
        "TableRound_02",
        "Desk_01",
        "ManagerDesk",
        "AP_Prop_Desk_Green_model",
        "AP_Prop_Desk_Blue",
        "AP_Prop_Desk_Red",
        "ReceptionDesk",
        "AP_Prop_Desk_Yellow",
        "AP_Prop_Desk_Red_model",
        "AP_Prop_Desk_Green"
    ],
    "Apple": [
        "AppleSlice_01",
        "Apple"
    ],
    "Paper": [
        "SM_Prop_Papers_01",
        "SM_Prop_Paper_04",
        "SM_Prop_Paper_Pile_03",
        "SM_Prop_Paper_06",
        "SM_Prop_Paper_05",
        "SM_Prop_Paper_Pile_01",
        "SM_Item_Clipboard_01"
    ],
    "Boxes": [
        "SM_Prop_FlatPackCardboardBoxes_03",
        "PackingBox",
        "SM_Prop_Warehouse_Boxes_Stacked_03",
        "Warehouse_Boxes",
        "SM_Prop_Warehouse_Boxes_Stacked_04",
        "AP_Prop_CardboardBox_Stack_02",
        "Deembiggenator_Crates",
        "SM_Prop_FlatPackCardboardBoxes_04",
        "AP_Prop_CardboardBox_Open_05",
        "SM_Prop_Crate_Stack_01"
    ],

    "Sign": [
        "AP_Prop_Safety_Barrier_02",
        "SM_Sign_Exit_02",
        "WarningSign_01",
        "SafetyBarrier_02"
    ],
    "Shelf": [
        "Shelf_01",
        "Bookshelf_Wooden_01",
        "AP_Prop_Shelf_06",
        "Shelves_Tall_01"
    ],
    "Wall Shelf": [
        "AP_Prop_Shelf_Wall_FreezeRay",
        "AP_Prop_Shelf_Wall_04",
        "AP_Prop_Shelf_Wall_Laser"
    ],
    "Cake": [
        "CakeSlice_02",
        "Cake_02"
    ],
    "Sticky Note": [
        "StickyNote"
    ],
    "Bread": [
        "BreadLoaf",
        "BreadSlice_01",
        "Toast_04",
        "Toast_04_Jam",
        "Toast_04_PBJ",
        "Toast_01",
        "Toast_02",
        "Toast_03"
    ],
    "Folder": [
        "SM_Prop_Folder_Manila_04",
        "SM_Prop_Folder_Manila_01",
        "AP_Prop_Folder_PVC_02",
        "SM_Prop_Folder_Manila_02",
        "SM_Prop_Folder_PVC_01",
        "SM_Prop_Folder_Manila_03",
        "SM_Prop_Folder_PVC_02",
        "SM_Prop_Folder_Holder_02",
        "SM_Prop_Folder_Holder_01",
        "SM_Prop_Folder_Holder_04",
        "SM_Prop_Folder_Holder_03"
    ],
    "Pie": [
        "PieFruitSlice_01",
        "PieFruit_01"
    ],
    "Mug": [
        "CoffeeMug_Yellow",
        "CoffeeMug_Boss"
    ],
    "Cup": [
        "PaperCup_Crushed_01",
        "PaperCup_01",
        "CoffeeCup_Open_Empty_02",
        "CoffeeCup_Open_Empty_01"
    ],
    "Cabinet": [
        "KitchenCabinet_01",
        "KitchenCabinet_02",
        "KitchenCabinet_01_Trapped"
    ],
    "Board": [
        "AP_Prop_Whiteboard_Devices_08",
        "AP_Prop_Whiteboard_Devices_05",
        "Whiteboard_YesterdayMachine",
        "AP_Prop_Whiteboard_Devices_11",
        "AP_Prop_Whiteboard_Devices_03",
        "PinBoard_01",
        "PinBoard_02",
        "AP_Prop_Whiteboard_Devices_13",
        "AP_Prop_Whiteboard_Devices_15",
        "AP_Prop_CorkBoard_02",
        "AP_Prop_Whiteboard_Devices_04",
        "AP_Prop_Whiteboard_Devices_07",
        "AP_Prop_Whiteboard_Devices_06",
        "AP_Prop_Whiteboard_Devices_14",
        "AP_Prop_Whiteboard_Devices_12",
        "WhiteBoard_01",
        "Whiteboard_CoffeeUnmaker",
        "AP_Prop_Whiteboard_Devices_10",
        "AP_Prop_Whiteboard_Devices_09",
        "AP_Item_Tool_Board",
        "sign_office_layout_1",
        "SM_Prop_Calender_01"
    ],
    "Poster": [
        "sign_tall_poster_tam_1",
        "sign_short_poster_tam",
        "sign_short_poster_delwan_3",
        "sign_short_poster_delwan_1",
        "sign_short_poster_delwan_2",
        "sign_short_poster_delwan_4",
        "sign_tall_poster_tam_2",
        "SM_Prop_Certificate_01"
    ],
    "Water Cooler": [
        "WaterCooler_01"
    ]
}
