{
    "Unassigned": 0,
    "Action Figure": 1,
    "Apple": 2,
    "Banana": 3,
    "Board": 4,
    "Books": 5,
    "Bowl": 6,
    "Boxes": 7,
    "Bread": 8,
    "Button": 9,
    "Cabinet": 10,
    "Cake": 11,
    "Can": 12,
    "Candy Bar": 13,
    "Cereal Box": 14,
    "Chair": 15,
    "Circuit Board": 16,
    "Coffee Beans": 17,
    "Coffee Maker": 18,
    "Coffee Pot": 19,
    "Coffee Unmaker": 20,
    "Color Changer": 21,
    "Computer": 22,
    "Control Panel": 23,
    "Counter Base": 24,
    "Counter Top": 25,
    "Cup": 26,
    "Cutting Board": 27,
    "Dart": 28,
    "Donut": 29,
    "Door": 30,
    "Drawer": 31,
    "Embiggenator": 32,
    "Everything's A Carrot Machine": 33,
    "Fan": 34,
    "Fire Extinguisher": 35,
    "Floppy Disk": 36,
    "Folder": 37,
    "Forklift": 38,
    "Freeze Ray": 39,
    "Freezer": 40,
    "Fridge": 41,
    "Fuse Box": 42,
    "Gravity Pad": 43,
    "Hammer": 44,
    "Handsaw": 45,
    "Jar": 46,
    "Keyboard": 47,
    "Knife": 48,
    "Laser": 49,
    "Laser Tip": 50,
    "Lever": 51,
    "Light Switch": 52,
    "Microwave": 53,
    "Milk": 54,
    "Mug": 55,
    "Paper": 56,
    "Pie": 57,
    "Plant": 58,
    "Plate": 59,
    "PortalGenerator": 60,
    "Poster": 61,
    "Printer": 62,
    "Printer Cartridge": 63,
    "Puddle": 64,
    "Radio": 65,
    "Record": 66,
    "Robot Arm": 67,
    "Sandwich": 68,
    "Shelf": 69,
    "Sign": 70,
    "Sink": 71,
    "Sticky Note": 72,
    "Stool": 73,
    "Table": 74,
    "Tape": 75,
    "Target": 76,
    "Time Machine": 77,
    "Toaster": 78,
    "Trash Can": 79,
    "Tray": 80,
    "Trolley": 81,
    "Trophy": 82,
    "Vending Machine": 83,
    "Wall Shelf": 84,
    "Water Cooler": 85
}
