{
    "Computer_Monitor_01": "Computer",
    "V_Monitor_Gravity": "Computer",
    "Computer_Monitor_New": "Computer",
    "Lab_Terminal": "Computer",
    "V_Monitor_Laser": "Computer",
    "V_Monitor_Portal": "Computer",
    "V_Monitor_Embiggenator": "Computer",
    "Computer_Monitor_Broken": "Computer",
    "V_Monitor_FreezeRay": "Computer",
    "TAMPrototypeHead_01": "Computer",
    "ForkLift": "Forklift",
    "Fork_Lift": "Forklift",
    "AP_Prop_Couch_06": "Chair",
    "Manager_Chair": "Chair",
    "Office_Chair": "Chair",
    "AP_Prop_Couch_02": "Chair",
    "FoodPlate_01": "Plate",
    "DeskFan_Broken_01": "Fan",
    "DeskFan_New_01": "Fan",
    "GravityPad": "Gravity Pad",
    "KitchenStool_01": "Stool",
    "KitchenCounterTop_02": "Counter Top",
    "KitchenCounterBase_02": "Counter Base",
    "KitchenCounterBase_03": "Counter Base",
    "CounterBase_03": "Counter Base",
    "ColorChangerStation": "Color Changer",
    "Laser_CircuitBoard": "Circuit Board",
    "FireExtinguisher_01": "Fire Extinguisher",
    "AP_Prop_Fire_Extinguisher_01": "Fire Extinguisher",
    "VendingMachine_01": "Vending Machine",
    "EAC_Machine": "Everything's A Carrot Machine",
    "Keyboard": "Keyboard",
    "Toaster_02": "Toaster",
    "Cutting_Board": "Cutting Board",
    "Dart": "Dart",
    "FulllPaperTray_01": "Tray",
    "SM_Prop_FolderTray_01": "Tray",
    "EmptyPaperTray": "Tray",
    "SM_Prop_FolderTray_03": "Tray",
    "AP_Prop_PaperTray_01_Full_01": "Tray",
    "SM_Prop_FolderTray_02": "Tray",
    "SM_Prop_PaperTray_01_Full_01": "Tray",
    "SM_Prop_FolderTray_04": "Tray",
    "AP_Prop_Target_Circle_01": "Target",
    "DartBoard": "Target",
    "FreezeRay": "Freeze Ray",
    "ActionFigure": "Action Figure",
    "WaterPuddle_01": "Puddle",
    "CoffeeMaker_01": "Coffee Maker",
    "CanSodaNew_01": "Can",
    "CanSodaNew_Open_01": "Can",
    "CanSodaNew_Crushed_01": "Can",
    "CanSoda_01": "Can",
    "Record_01": "Record",
    "PortalGenerator": "PortalGenerator",
    "LightSwitch_01": "Light Switch",
    "KitchenCounterSink_01": "Sink",
    "AP_Prop_Plant_01": "Plant",
    "AP_Prop_Plant_09": "Plant",
    "CoffeeBeans_01": "Coffee Beans",
    "Embiggenator": "Embiggenator",
    "FuseBox_01_Lever": "Lever",
    "AP_Prop_Cellotape_01": "Tape",
    "AP_Item_Tape_01": "Tape",
    "Bowl_01": "Bowl",
    "CandyBar_01": "Candy Bar",
    "CandyJar_01": "Jar",
    "Jar_PeanutButter_01": "Jar",
    "Jar_Jam_01": "Jar",
    "FridgeLower_02": "Fridge",
    "Laser": "Laser",
    "LaserBase_toy": "Laser",
    "CoffeeUnMaker_01": "Coffee Unmaker",
    "Printer_3D": "Printer",
    "FuseBox_02": "Fuse Box",
    "FuseBox_01": "Fuse Box",
    "Trophy01": "Trophy",
    "CoffeePot_01": "Coffee Pot",
    "MilkCarton_01": "Milk",
    "SM_Tool_Handsaw_01": "Handsaw",
    "Handsaw": "Handsaw",
    "Unassigned": "Unassigned",
    "WallClock_01": "Unassigned",
    "SM_Prop_AirVent_Wall_01": "Unassigned",
    "SM_Prop_AirVent_01": "Unassigned",
    "AP_Bld_Ceiling_Aircon_01": "Unassigned",
    "AP_Prop_Barrel_Water_01": "Unassigned",
    "AP_Prop_Barrel_Open_01": "Unassigned",
    "AP_Prop_Bin_Rubbish_01": "Unassigned",
    "AP_Prop_Cabinets_01": "Unassigned",
    "AP_Prop_Lab_Clamp_02_Arm_01": "Unassigned",
    "AP_Prop_Lab_MachinePanel_01": "Unassigned",
    "AP_Prop_Lab_MachinePanel_02": "Unassigned",
    "AP_Prop_Lab_Tank_01": "Unassigned",
    "AP_Prop_Lab_Tank_02": "Unassigned",
    "AP_Prop_Minigolf_Ball_01": "Unassigned",
    "AP_Prop_Minigolf_Club_01": "Unassigned",
    "AP_Prop_Note_05": "Unassigned",
    "AP_Prop_Pen_06": "Unassigned",
    "AP_Prop_Pen_03": "Unassigned",
    "AP_Prop_Pen_01": "Unassigned",
    "AP_Prop_Photocopier_01": "Unassigned",
    "AP_Prop_Print_Tube_01": "Unassigned",
    "SM_Tool_Buffer_01_Battery": "Unassigned",
    "AP_Tool_Buffer_01_Battery": "Unassigned",
    "SM_Prop_Powercable_02": "Unassigned",
    "SM_Prop_NetCable_03": "Unassigned",
    "SM_Prop_Wirespool_01": "Unassigned",
    "Broken_Cord_01": "Unassigned",
    "SM_Prop_Powercable_01": "Unassigned",
    "SM_Prop_Wirespool_Small_01": "Unassigned",
    "CableFrayed_01": "Unassigned",
    "SM_Prop_Powercable_03": "Unassigned",
    "Carrot_01": "Unassigned",
    "CoffeeCup_Lid_01": "Unassigned",
    "SM_Prop_Server_Cabinet_01": "Unassigned",
    "FireAlarm_01": "Unassigned",
    "Fork_01": "Unassigned",
    "Spoon_01": "Unassigned",
    "TeslaCoil_Small": "Unassigned",
    "TeslaCoil": "Unassigned",
    "Pear_01": "Unassigned",
    "Screwdriver": "Unassigned",
    "SM_Prop_ToolBox_01": "Unassigned",
    "SK_Veh_Pickup_01_ToolBox": "Unassigned",
    "SM_Bld_Wall_Window_Blinds_Open_04": "Unassigned",
    "SM_Prop_Cart_01": "Unassigned",
    "SM_Prop_Drink_Dispenser_01": "Unassigned",
    "SM_Prop_Lighting_Cable_Bulb_01": "Unassigned",
    "SM_Prop_NotePad_01": "Unassigned",
    "SM_Prop_Oxygen_Tank_Large": "Unassigned",
    "SM_Prop_Oxygen_Tank": "Unassigned",
    "SM_Prop_PalletStack_02": "Unassigned",
    "SM_Prop_Plastic_Pipe_Spool_01": "Unassigned",
    "SM_Prop_PowerBoxes_01": "Unassigned",
    "SM_Prop_Server_Node_01": "Unassigned",
    "SM_Prop_Warehouse_Light_04": "Unassigned",
    "SM_Tool_Drill_Chuck_01": "Unassigned",
    "ToyBed": "Unassigned",
    "AP_Prop_Generator_Large_02": "Unassigned",
    "SM_Prop_Scales_01": "Unassigned",
    "VendingMachine_01_B4_Button": "Unassigned",
    "VendingMachine_01_E5_Button": "Unassigned",
    "VendingMachine_01_E7_Button": "Unassigned",
    "VendingMachine_01_M8_Button": "Unassigned",
    "SM_Prop_Buttons_02": "Unassigned",
    "SM_Prop_Buttons_05": "Unassigned",
    "sign_tall_caution_shrink": "Unassigned",
    "sign_short_caution_gravity_2": "Unassigned",
    "sign_short_caution_quantum_1": "Unassigned",
    "sign_tall_caution_laser": "Unassigned",
    "sign_tall_caution_robotics": "Unassigned",
    "sign_short_caution_electrical": "Unassigned",
    "sign_diamond_gravity": "Unassigned",
    "sign_short_robotics_1": "Unassigned",
    "sign_short_warehouse_1": "Unassigned",
    "sign_diamond_quantum": "Unassigned",
    "sign_diamond_carrot": "Unassigned",
    "sign_tall_caution_carrot": "Unassigned",
    "sign_short_office_1": "Unassigned",
    "sign_short_caution_carrot": "Unassigned",
    "sign_diamond_shrink": "Unassigned",
    "sign_diamond_laser": "Unassigned",
    "sign_square_breakroom": "Unassigned",
    "sign_short_caution_shrink": "Unassigned",
    "sign_diamond_fire": "Unassigned",
    "AP_Prop_Sign_OutofOrder_01": "Unassigned",
    "sign_short_quantum_2": "Unassigned",
    "sign_short_robotics_2": "Unassigned",
    "sign_tall_caution_electrical": "Unassigned",
    "sign_tall_caution_freeze": "Unassigned",
    "sign_short_caution_quantum_2": "Unassigned",
    "sign_diamond_freeze": "Unassigned",
    "sign_short_quantum_1": "Unassigned",
    "sign_short_breakroom_2": "Unassigned",
    "sign_short_caution_restricted_1": "Unassigned",
    "sign_short_caution_gravity_1": "Unassigned",
    "sign_short_breakroom_1": "Unassigned",
    "SM_Prop_Calender_01": "Board",
    "Hammer": "Hammer",
    "SM_Prop_Warehouse_Platform_Trolley_01": "Trolley",
    "YesterdayMachine_01": "Time Machine",
    "Knife_01": "Knife",
    "Microwave_01": "Microwave",
    "KitchenCounterDrawer_03": "Drawer",
    "KitchenCounterDrawer_02": "Drawer",
    "Laser_ControlPanel": "Control Panel",
    "FridgeUpper_02": "Freezer",
    "Donut_01": "Donut",
    "RoboticArm_01": "Robot Arm",
    "AP_Prop_Bucket_02": "Trash Can",
    "TrashCan_01": "Trash Can",
    "Cereal_Box_01": "Cereal Box",
    "Radio_01_Broken": "Radio",
    "Radio_01": "Radio",
    "Laser_Tip": "Laser Tip",
    "Laser_Tip_Broken": "Laser Tip",
    "Floppy_AntiVirus_Broken": "Floppy Disk",
    "Floppy_AntiVirus": "Floppy Disk",
    "Floppy_Virus_Broken": "Floppy Disk",
    "Floppy_Virus": "Floppy Disk",
    "ColorChanger_Button_Red": "Button",
    "ColorChanger_Button_Blue": "Button",
    "ColorChanger_Button_Green": "Button",
    "Security_Button": "Button",
    "SM_Prop_Book_Magazine_01": "Books",
    "SM_Prop_Book_Group_04": "Books",
    "SM_Prop_Book_Group_06": "Books",
    "SM_Prop_Book_Group_08": "Books",
    "SM_Prop_Book_Group_01": "Books",
    "SM_Prop_Book_Phone_Open_01": "Books",
    "SM_Prop_Book_Group_07": "Books",
    "SM_Prop_Book_Group_02": "Books",
    "SM_Prop_Book_Group_03": "Books",
    "SM_Prop_Book_Group_05": "Books",
    "Door_01": "Door",
    "SM_Bld_Wall_Metal_Slide_02": "Door",
    "AP_Bld_Wall_Glass_Large_Door_01": "Door",
    "SM_Bld_Door_02": "Door",
    "Printer_Cartridge": "Printer Cartridge",
    "Printer_Cartridge_Lever": "Printer Cartridge",
    "Printer_Cartridge_Figure": "Printer Cartridge",
    "Printer_Cartridge_Mug": "Printer Cartridge",
    "Printer_Cartridge_Hammer": "Printer Cartridge",
    "SandwichHalf_01": "Sandwich",
    "PBJ_Sandwich": "Sandwich",
    "Burger_04": "Sandwich",
    "BananaBunch_01": "Banana",
    "Banana_01": "Banana",
    "Table_Metal_01": "Table",
    "TableRoundSmall_02": "Table",
    "SM_Prop_Table_02": "Table",
    "TableRound_02": "Table",
    "Desk_01": "Table",
    "ManagerDesk": "Table",
    "AP_Prop_Desk_Green_model": "Table",
    "AP_Prop_Desk_Blue": "Table",
    "AP_Prop_Desk_Red": "Table",
    "ReceptionDesk": "Table",
    "AP_Prop_Desk_Yellow": "Table",
    "AP_Prop_Desk_Red_model": "Table",
    "AP_Prop_Desk_Green": "Table",
    "AppleSlice_01": "Apple",
    "Apple": "Apple",
    "SM_Prop_Papers_01": "Paper",
    "SM_Prop_Paper_04": "Paper",
    "SM_Prop_Paper_Pile_03": "Paper",
    "SM_Prop_Paper_06": "Paper",
    "SM_Prop_Paper_05": "Paper",
    "SM_Prop_Paper_Pile_01": "Paper",
    "SM_Item_Clipboard_01": "Paper",
    "SM_Prop_FlatPackCardboardBoxes_03": "Boxes",
    "PackingBox": "Boxes",
    "SM_Prop_Warehouse_Boxes_Stacked_03": "Boxes",
    "Warehouse_Boxes": "Boxes",
    "SM_Prop_Warehouse_Boxes_Stacked_04": "Boxes",
    "AP_Prop_CardboardBox_Stack_02": "Boxes",
    "Deembiggenator_Crates": "Boxes",
    "SM_Prop_FlatPackCardboardBoxes_04": "Boxes",
    "AP_Prop_CardboardBox_Open_05": "Boxes",
    "SM_Prop_Crate_Stack_01": "Boxes",
    "AP_Prop_Safety_Barrier_02": "Sign",
    "SM_Sign_Exit_02": "Sign",
    "WarningSign_01": "Sign",
    "SafetyBarrier_02": "Sign",
    "Shelf_01": "Shelf",
    "Bookshelf_Wooden_01": "Shelf",
    "AP_Prop_Shelf_06": "Shelf",
    "Shelves_Tall_01": "Shelf",
    "AP_Prop_Shelf_Wall_FreezeRay": "Wall Shelf",
    "AP_Prop_Shelf_Wall_04": "Wall Shelf",
    "AP_Prop_Shelf_Wall_Laser": "Wall Shelf",
    "CakeSlice_02": "Cake",
    "Cake_02": "Cake",
    "StickyNote": "Sticky Note",
    "BreadLoaf": "Bread",
    "BreadSlice_01": "Bread",
    "Toast_04": "Bread",
    "Toast_04_Jam": "Bread",
    "Toast_04_PBJ": "Bread",
    "Toast_01": "Bread",
    "Toast_02": "Bread",
    "Toast_03": "Bread",
    "SM_Prop_Folder_Manila_04": "Folder",
    "SM_Prop_Folder_Manila_01": "Folder",
    "AP_Prop_Folder_PVC_02": "Folder",
    "SM_Prop_Folder_Manila_02": "Folder",
    "SM_Prop_Folder_PVC_01": "Folder",
    "SM_Prop_Folder_Manila_03": "Folder",
    "SM_Prop_Folder_PVC_02": "Folder",
    "SM_Prop_Folder_Holder_02": "Folder",
    "SM_Prop_Folder_Holder_01": "Folder",
    "SM_Prop_Folder_Holder_04": "Folder",
    "SM_Prop_Folder_Holder_03": "Folder",
    "PieFruitSlice_01": "Pie",
    "PieFruit_01": "Pie",
    "CoffeeMug_Yellow": "Mug",
    "CoffeeMug_Boss": "Mug",
    "PaperCup_Crushed_01": "Cup",
    "PaperCup_01": "Cup",
    "CoffeeCup_Open_Empty_02": "Cup",
    "CoffeeCup_Open_Empty_01": "Cup",
    "KitchenCabinet_01": "Cabinet",
    "KitchenCabinet_02": "Cabinet",
    "KitchenCabinet_01_Trapped": "Cabinet",
    "AP_Prop_Whiteboard_Devices_08": "Board",
    "AP_Prop_Whiteboard_Devices_05": "Board",
    "Whiteboard_YesterdayMachine": "Board",
    "AP_Prop_Whiteboard_Devices_11": "Board",
    "AP_Prop_Whiteboard_Devices_03": "Board",
    "PinBoard_01": "Board",
    "PinBoard_02": "Board",
    "AP_Prop_Whiteboard_Devices_13": "Board",
    "AP_Prop_Whiteboard_Devices_15": "Board",
    "AP_Prop_CorkBoard_02": "Board",
    "AP_Prop_Whiteboard_Devices_04": "Board",
    "AP_Prop_Whiteboard_Devices_07": "Board",
    "AP_Prop_Whiteboard_Devices_06": "Board",
    "AP_Prop_Whiteboard_Devices_14": "Board",
    "AP_Prop_Whiteboard_Devices_12": "Board",
    "WhiteBoard_01": "Board",
    "Whiteboard_CoffeeUnmaker": "Board",
    "AP_Prop_Whiteboard_Devices_10": "Board",
    "AP_Prop_Whiteboard_Devices_09": "Board",
    "AP_Item_Tool_Board": "Board",
    "sign_office_layout_1": "Board",
    "sign_tall_poster_tam_1": "Poster",
    "sign_short_poster_tam": "Poster",
    "sign_short_poster_delwan_3": "Poster",
    "sign_short_poster_delwan_1": "Poster",
    "sign_short_poster_delwan_2": "Poster",
    "sign_short_poster_delwan_4": "Poster",
    "sign_tall_poster_tam_2": "Poster",
    "SM_Prop_Certificate_01": "Poster",
    "WaterCooler_01": "Water Cooler"
}
